{"cameraMode":{"drawMode":0,"name":"Shaded","section":"Shading Mode"},"sceneLighting":true,"audioPlay":false,"sceneViewState":{"m_AlwaysRefresh":false,"showFog":true,"showSkybox":true,"showFlares":true,"showImageEffects":true,"showParticleSystems":true,"showVisualEffectGraphs":true,"m_FxEnabled":true},"in2DMode":false,"pivot":{"x":8.898824691772461,"y":1.2582730054855347,"z":6.193865776062012},"rotation":{"x":-0.011663351207971573,"y":-0.9844626784324646,"z":0.15680457651615144,"w":-0.08381179720163346},"size":7.024398326873779,"orthographic":false}