{"cameraMode":{"drawMode":0,"name":"Shaded","section":"Shading Mode"},"sceneLighting":false,"audioPlay":false,"sceneViewState":{"m_AlwaysRefresh":false,"showFog":true,"showSkybox":false,"showFlares":true,"showImageEffects":true,"showParticleSystems":true,"showVisualEffectGraphs":true,"m_FxEnabled":true},"in2DMode":false,"pivot":{"x":0.4330620765686035,"y":1.6851321458816529,"z":0.39261627197265627},"rotation":{"x":0.106473408639431,"y":-0.2345885932445526,"z":0.02601844258606434,"w":0.9660552144050598},"size":2.5576040744781496,"orthographic":false}